window,variant,method,regime,sharpe,ann_return,ann_vol,max_drawdown,n_days
189,CORR-HRP,—,all,0.4108,0.055,0.1626,-0.4932,4515
189,CORR-HRP,—,nber_recession,-0.5503,-0.2348,0.3648,-0.4891,420
189,CORR-HRP,—,nber_expansion,0.7577,0.0903,0.1244,-0.1952,4095
189,CORR-HRP,—,low_vol,5.662,0.4065,0.0606,-0.0246,905
189,CORR-HRP,—,high_vol,-1.3097,-0.3531,0.2982,-0.7936,903
189,VARL-D0,varlingam,all,0.3759,0.0495,0.1648,-0.5143,4515
189,VARL-D0,varlingam,nber_recession,-0.6398,-0.2635,0.3703,-0.5203,420
189,VARL-D0,varlingam,nber_expansion,0.7358,0.0883,0.1259,-0.1983,4095
189,VARL-D0,varlingam,low_vol,5.7436,0.4112,0.0603,-0.0258,905
189,VARL-D0,varlingam,high_vol,-1.3534,-0.366,0.3025,-0.8066,903
189,DYNO-D0s,dynotears,all,0.3893,0.0518,0.1646,-0.5114,4515
189,DYNO-D0s,dynotears,nber_recession,-0.6322,-0.2616,0.3704,-0.5185,420
189,DYNO-D0s,dynotears,nber_expansion,0.754,0.0906,0.1256,-0.1946,4095
189,DYNO-D0s,dynotears,low_vol,5.6366,0.4077,0.061,-0.0254,905
189,DYNO-D0s,dynotears,high_vol,-1.3498,-0.3649,0.3021,-0.8057,903
189,DYNO-D1,dynotears,all,0.4066,0.0554,0.1672,-0.5038,4515
189,DYNO-D1,dynotears,nber_recession,-0.5844,-0.2495,0.372,-0.5083,420
189,DYNO-D1,dynotears,nber_expansion,0.755,0.093,0.1288,-0.2038,4095
189,DYNO-D1,dynotears,low_vol,5.8538,0.4289,0.0613,-0.0259,905
189,DYNO-D1,dynotears,high_vol,-1.3499,-0.3683,0.3053,-0.8079,903
189,DYNO-D2,dynotears,all,0.3917,0.0522,0.1646,-0.5058,4515
189,DYNO-D2,dynotears,nber_recession,-0.5934,-0.2509,0.3705,-0.5053,420
189,DYNO-D2,dynotears,nber_expansion,0.7461,0.0895,0.1255,-0.1919,4095
189,DYNO-D2,dynotears,low_vol,5.6927,0.4088,0.0606,-0.026,905
189,DYNO-D2,dynotears,high_vol,-1.335,-0.3621,0.3022,-0.8032,903
189,DYNO-D2s,dynotears,all,0.4078,0.0556,0.1672,-0.5077,4515
189,DYNO-D2s,dynotears,nber_recession,-0.5779,-0.2491,0.374,-0.5068,420
189,DYNO-D2s,dynotears,nber_expansion,0.7593,0.0931,0.1282,-0.2006,4095
189,DYNO-D2s,dynotears,low_vol,5.8509,0.4272,0.0612,-0.0262,905
189,DYNO-D2s,dynotears,high_vol,-1.3362,-0.3662,0.3059,-0.8071,903
189,DYNO-D3,dynotears,all,0.4005,0.0569,0.1779,-0.5553,4515
189,DYNO-D3,dynotears,nber_recession,-0.6178,-0.2817,0.4031,-0.5418,420
189,DYNO-D3,dynotears,nber_expansion,0.7721,0.0996,0.1348,-0.2148,4095
189,DYNO-D3,dynotears,low_vol,6.2123,0.4674,0.0621,-0.0248,905
189,DYNO-D3,dynotears,high_vol,-1.3726,-0.3959,0.3276,-0.8358,903
189,DYNO-D4,dynotears,all,0.4101,0.0553,0.1643,-0.5099,4515
189,DYNO-D4,dynotears,nber_recession,-0.6049,-0.2534,0.3696,-0.5095,420
189,DYNO-D4,dynotears,nber_expansion,0.7753,0.0934,0.1254,-0.2024,4095
189,DYNO-D4,dynotears,low_vol,5.7697,0.4152,0.0606,-0.0255,905
189,DYNO-D4,dynotears,high_vol,-1.3363,-0.3617,0.3015,-0.8027,903
189,VARL-D0s,varlingam,all,0.3873,0.0515,0.1651,-0.5028,4515
189,VARL-D0s,varlingam,nber_recession,-0.5917,-0.251,0.3713,-0.5076,420
189,VARL-D0s,varlingam,nber_expansion,0.7385,0.0888,0.126,-0.2034,4095
189,VARL-D0s,varlingam,low_vol,5.7088,0.4103,0.0606,-0.0264,905
189,VARL-D0s,varlingam,high_vol,-1.3376,-0.3636,0.3031,-0.8042,903
189,VARL-D1,varlingam,all,0.3396,0.0445,0.1718,-0.5355,4515
189,VARL-D1,varlingam,nber_recession,-0.715,-0.2937,0.3829,-0.5536,420
189,VARL-D1,varlingam,nber_expansion,0.6995,0.0872,0.1321,-0.2176,4095
189,VARL-D1,varlingam,low_vol,5.8992,0.4369,0.0618,-0.026,905
189,VARL-D1,varlingam,high_vol,-1.4089,-0.3888,0.314,-0.8286,903
189,VARL-D2,varlingam,all,0.3868,0.0515,0.1653,-0.5005,4515
189,VARL-D2,varlingam,nber_recession,-0.5908,-0.2511,0.3717,-0.5086,420
189,VARL-D2,varlingam,nber_expansion,0.7372,0.0887,0.1262,-0.2062,4095
189,VARL-D2,varlingam,low_vol,5.7816,0.4152,0.0604,-0.0253,905
189,VARL-D2,varlingam,high_vol,-1.3575,-0.3679,0.3035,-0.8087,903
189,VARL-D2s,varlingam,all,0.3939,0.0536,0.169,-0.5041,4515
189,VARL-D2s,varlingam,nber_recession,-0.6159,-0.2624,0.3777,-0.5205,420
189,VARL-D2s,varlingam,nber_expansion,0.75,0.0929,0.1297,-0.2139,4095
189,VARL-D2s,varlingam,low_vol,6.0752,0.4454,0.061,-0.0258,905
189,VARL-D2s,varlingam,high_vol,-1.38,-0.3785,0.3095,-0.8186,903
189,VARL-D3,varlingam,all,0.3995,0.0566,0.1774,-0.5543,4515
189,VARL-D3,varlingam,nber_recession,-0.6545,-0.2906,0.4009,-0.5531,420
189,VARL-D3,varlingam,nber_expansion,0.7793,0.1007,0.1348,-0.2278,4095
189,VARL-D3,varlingam,low_vol,6.3309,0.4707,0.0613,-0.0255,905
189,VARL-D3,varlingam,high_vol,-1.4123,-0.4029,0.3268,-0.8418,903
189,VARL-D4,varlingam,all,0.3976,0.0531,0.1641,-0.5035,4515
189,VARL-D4,varlingam,nber_recession,-0.5692,-0.2436,0.3698,-0.4994,420
189,VARL-D4,varlingam,nber_expansion,0.7481,0.0895,0.125,-0.2015,4095
189,VARL-D4,varlingam,low_vol,5.7114,0.4115,0.0607,-0.0247,905
189,VARL-D4,varlingam,high_vol,-1.3241,-0.359,0.3012,-0.8001,903
252,V0,—,all,0.3709,0.0488,0.1655,-0.5165,4515
252,V0,—,nber_recession,-0.6382,-0.2651,0.373,-0.5226,420
252,V0,—,nber_expansion,0.7307,0.0878,0.126,-0.1979,4095
252,V0,—,low_vol,5.6296,0.4063,0.0609,-0.0257,905
252,V0,—,high_vol,-1.3512,-0.367,0.3038,-0.808,903
252,V0prime,dynotears,all,0.3988,0.0537,0.1658,-0.5017,4515
252,V0prime,dynotears,nber_recession,-0.5908,-0.2523,0.3734,-0.5092,420
252,V0prime,dynotears,nber_expansion,0.7559,0.0914,0.1264,-0.2015,4095
252,V0prime,dynotears,low_vol,5.789,0.421,0.0611,-0.026,905
252,V0prime,dynotears,high_vol,-1.3261,-0.3628,0.3044,-0.8029,903
252,V1-DYNOTEARS,dynotears,all,0.3811,0.0507,0.1659,-0.5116,4515
252,V1-DYNOTEARS,dynotears,nber_recession,-0.6164,-0.2602,0.3745,-0.5184,420
252,V1-DYNOTEARS,dynotears,nber_expansion,0.7399,0.0891,0.1262,-0.2008,4095
252,V1-DYNOTEARS,dynotears,low_vol,5.6418,0.408,0.061,-0.0263,905
252,V1-DYNOTEARS,dynotears,high_vol,-1.3424,-0.3662,0.3047,-0.8057,903
252,V2-DYNOTEARS,dynotears,all,0.3811,0.0507,0.1659,-0.5116,4515
252,V2-DYNOTEARS,dynotears,nber_recession,-0.6164,-0.2602,0.3745,-0.5184,420
252,V2-DYNOTEARS,dynotears,nber_expansion,0.7399,0.0891,0.1262,-0.2008,4095
252,V2-DYNOTEARS,dynotears,low_vol,5.6418,0.408,0.061,-0.0263,905
252,V2-DYNOTEARS,dynotears,high_vol,-1.3424,-0.3662,0.3047,-0.8057,903
252,V1-VARLiNGAM,varlingam,all,0.3986,0.0535,0.165,-0.5131,4515
252,V1-VARLiNGAM,varlingam,nber_recession,-0.6039,-0.2544,0.3713,-0.5107,420
252,V1-VARLiNGAM,varlingam,nber_expansion,0.7587,0.0915,0.1259,-0.1977,4095
252,V1-VARLiNGAM,varlingam,low_vol,5.71,0.4117,0.0607,-0.0264,905
252,V1-VARLiNGAM,varlingam,high_vol,-1.3251,-0.3608,0.3028,-0.8003,903
252,V2-VARLiNGAM,varlingam,all,0.3986,0.0535,0.165,-0.5131,4515
252,V2-VARLiNGAM,varlingam,nber_recession,-0.6039,-0.2544,0.3713,-0.5107,420
252,V2-VARLiNGAM,varlingam,nber_expansion,0.7587,0.0915,0.1259,-0.1977,4095
252,V2-VARLiNGAM,varlingam,low_vol,5.71,0.4117,0.0607,-0.0264,905
252,V2-VARLiNGAM,varlingam,high_vol,-1.3251,-0.3608,0.3028,-0.8003,903
252,CORR-HRP,—,all,0.4269,0.0578,0.1627,-0.497,4515
252,CORR-HRP,—,nber_recession,-0.5667,-0.2395,0.365,-0.4943,420
252,CORR-HRP,—,nber_expansion,0.7856,0.0942,0.1245,-0.2015,4095
252,CORR-HRP,—,low_vol,5.7462,0.4158,0.0609,-0.0261,905
252,CORR-HRP,—,high_vol,-1.3165,-0.3541,0.2979,-0.7941,903
252,VARL-D0,varlingam,all,0.3936,0.0528,0.1657,-0.5087,4515
252,VARL-D0,varlingam,nber_recession,-0.5941,-0.2537,0.3741,-0.5105,420
252,VARL-D0,varlingam,nber_expansion,0.7514,0.0906,0.126,-0.1934,4095
252,VARL-D0,varlingam,low_vol,5.6784,0.4088,0.0607,-0.0268,905
252,VARL-D0,varlingam,high_vol,-1.3333,-0.3641,0.3044,-0.8046,903
252,DYNO-D0s,dynotears,all,0.4012,0.0539,0.165,-0.5114,4515
252,DYNO-D0s,dynotears,nber_recession,-0.6272,-0.2609,0.3714,-0.5191,420
252,DYNO-D0s,dynotears,nber_expansion,0.7697,0.093,0.1259,-0.2062,4095
252,DYNO-D0s,dynotears,low_vol,5.6856,0.4118,0.061,-0.0253,905
252,DYNO-D0s,dynotears,high_vol,-1.3404,-0.3638,0.3028,-0.8039,903
252,DYNO-D1,dynotears,all,0.41,0.0561,0.1675,-0.5,4515
252,DYNO-D1,dynotears,nber_recession,-0.5901,-0.2519,0.3731,-0.5107,420
252,DYNO-D1,dynotears,nber_expansion,0.7627,0.0941,0.1289,-0.2009,4095
252,DYNO-D1,dynotears,low_vol,5.887,0.4332,0.0615,-0.0266,905
252,DYNO-D1,dynotears,high_vol,-1.351,-0.3692,0.3059,-0.8083,903
252,DYNO-D2,dynotears,all,0.3987,0.0534,0.1648,-0.4998,4515
252,DYNO-D2,dynotears,nber_recession,-0.587,-0.2496,0.3711,-0.5058,420
252,DYNO-D2,dynotears,nber_expansion,0.7544,0.0907,0.1256,-0.1915,4095
252,DYNO-D2,dynotears,low_vol,5.7706,0.4176,0.0608,-0.0264,905
252,DYNO-D2,dynotears,high_vol,-1.3296,-0.3612,0.3023,-0.8016,903
252,DYNO-D2s,dynotears,all,0.4061,0.0552,0.1668,-0.5062,4515
252,DYNO-D2s,dynotears,nber_recession,-0.6056,-0.2551,0.3716,-0.5147,420
252,DYNO-D2s,dynotears,nber_expansion,0.7615,0.0936,0.1284,-0.1968,4095
252,DYNO-D2s,dynotears,low_vol,5.8761,0.4311,0.0614,-0.0266,905
252,DYNO-D2s,dynotears,high_vol,-1.3613,-0.3698,0.3046,-0.8107,903
252,DYNO-D3,dynotears,all,0.3975,0.0562,0.1772,-0.5582,4515
252,DYNO-D3,dynotears,nber_recession,-0.6601,-0.2909,0.3992,-0.5528,420
252,DYNO-D3,dynotears,nber_expansion,0.7753,0.1002,0.135,-0.2124,4095
252,DYNO-D3,dynotears,low_vol,6.1441,0.4652,0.0625,-0.0251,905
252,DYNO-D3,dynotears,high_vol,-1.4074,-0.4011,0.3259,-0.8399,903
252,DYNO-D4,dynotears,all,0.3964,0.0531,0.1651,-0.5137,4515
252,DYNO-D4,dynotears,nber_recession,-0.6106,-0.2572,0.3726,-0.5133,420
252,DYNO-D4,dynotears,nber_expansion,0.76,0.0915,0.1257,-0.2054,4095
252,DYNO-D4,dynotears,low_vol,5.7293,0.4146,0.0609,-0.026,905
252,DYNO-D4,dynotears,high_vol,-1.3182,-0.3601,0.3034,-0.8,903
252,VARL-D0s,varlingam,all,0.392,0.0524,0.165,-0.5077,4515
252,VARL-D0s,varlingam,nber_recession,-0.6019,-0.2532,0.3705,-0.5084,420
252,VARL-D0s,varlingam,nber_expansion,0.7467,0.09,0.1262,-0.2104,4095
252,VARL-D0s,varlingam,low_vol,5.6971,0.4127,0.061,-0.0261,905
252,VARL-D0s,varlingam,high_vol,-1.343,-0.3639,0.3024,-0.8046,903
252,VARL-D1,varlingam,all,0.385,0.0519,0.1686,-0.5116,4515
252,VARL-D1,varlingam,nber_recession,-0.6169,-0.2638,0.3792,-0.524,420
252,VARL-D1,varlingam,nber_expansion,0.7428,0.0912,0.1287,-0.2003,4095
252,VARL-D1,varlingam,low_vol,5.8756,0.4272,0.0609,-0.0277,905
252,VARL-D1,varlingam,high_vol,-1.3657,-0.3757,0.3094,-0.8166,903
252,VARL-D2,varlingam,all,0.3878,0.0517,0.1654,-0.5083,4515
252,VARL-D2,varlingam,nber_recession,-0.5971,-0.2529,0.3719,-0.5098,420
252,VARL-D2,varlingam,nber_expansion,0.7405,0.0892,0.1263,-0.2003,4095
252,VARL-D2,varlingam,low_vol,5.6944,0.4109,0.0608,-0.0258,905
252,VARL-D2,varlingam,high_vol,-1.3486,-0.3659,0.3033,-0.8057,903
252,VARL-D2s,varlingam,all,0.3859,0.052,0.168,-0.5068,4515
252,VARL-D2s,varlingam,nber_recession,-0.5985,-0.2566,0.3764,-0.5161,420
252,VARL-D2s,varlingam,nber_expansion,0.7349,0.0901,0.1287,-0.2073,4095
252,VARL-D2s,varlingam,low_vol,5.8893,0.4299,0.0611,-0.0267,905
252,VARL-D2s,varlingam,high_vol,-1.3741,-0.3754,0.3077,-0.8148,903
252,VARL-D3,varlingam,all,0.3918,0.0552,0.1774,-0.5575,4515
252,VARL-D3,varlingam,nber_recession,-0.6445,-0.2888,0.4023,-0.5522,420
252,VARL-D3,varlingam,nber_expansion,0.7683,0.0987,0.1344,-0.2205,4095
252,VARL-D3,varlingam,low_vol,6.2976,0.468,0.0613,-0.0239,905
252,VARL-D3,varlingam,high_vol,-1.3922,-0.3994,0.3272,-0.8384,903
252,VARL-D4,varlingam,all,0.4177,0.0565,0.1638,-0.505,4515
252,VARL-D4,varlingam,nber_recession,-0.5863,-0.2472,0.3682,-0.5017,420
252,VARL-D4,varlingam,nber_expansion,0.78,0.0939,0.1251,-0.2,4095
252,VARL-D4,varlingam,low_vol,5.7568,0.4191,0.0612,-0.0266,905
252,VARL-D4,varlingam,high_vol,-1.3134,-0.3559,0.3003,-0.7967,903
378,CORR-HRP,—,all,0.4074,0.055,0.165,-0.5021,4515
378,CORR-HRP,—,nber_recession,-0.5921,-0.2518,0.3722,-0.509,420
378,CORR-HRP,—,nber_expansion,0.7704,0.0928,0.1255,-0.2112,4095
378,CORR-HRP,—,low_vol,5.7122,0.4263,0.0625,-0.0266,905
378,CORR-HRP,—,high_vol,-1.319,-0.3592,0.3024,-0.8001,903
378,VARL-D0,varlingam,all,0.3994,0.0542,0.1676,-0.514,4515
378,VARL-D0,varlingam,nber_recession,-0.6268,-0.2663,0.3789,-0.5247,420
378,VARL-D0,varlingam,nber_expansion,0.7714,0.0942,0.1272,-0.2048,4095
378,VARL-D0,varlingam,low_vol,5.7119,0.4253,0.0624,-0.0278,905
378,VARL-D0,varlingam,high_vol,-1.3332,-0.3677,0.3078,-0.8087,903
378,DYNO-D0s,dynotears,all,0.412,0.056,0.1657,-0.5073,4515
378,DYNO-D0s,dynotears,nber_recession,-0.5968,-0.2535,0.3727,-0.5109,420
378,DYNO-D0s,dynotears,nber_expansion,0.7759,0.0942,0.1264,-0.2059,4095
378,DYNO-D0s,dynotears,low_vol,5.7221,0.4282,0.0627,-0.0279,905
378,DYNO-D0s,dynotears,high_vol,-1.326,-0.3619,0.3036,-0.8028,903
378,DYNO-D1,dynotears,all,0.4135,0.0571,0.1688,-0.5089,4515
378,DYNO-D1,dynotears,nber_recession,-0.6189,-0.2621,0.3761,-0.5228,420
378,DYNO-D1,dynotears,nber_expansion,0.7763,0.0968,0.1299,-0.2049,4095
378,DYNO-D1,dynotears,low_vol,5.886,0.4452,0.0629,-0.0266,905
378,DYNO-D1,dynotears,high_vol,-1.3667,-0.3745,0.3081,-0.8158,903
378,DYNO-D2,dynotears,all,0.4046,0.0548,0.1663,-0.5172,4515
378,DYNO-D2,dynotears,nber_recession,-0.638,-0.2668,0.3753,-0.5259,420
378,DYNO-D2,dynotears,nber_expansion,0.7805,0.0949,0.1265,-0.1952,4095
378,DYNO-D2,dynotears,low_vol,5.7304,0.4261,0.0623,-0.0277,905
378,DYNO-D2,dynotears,high_vol,-1.3462,-0.3669,0.3046,-0.8072,903
378,DYNO-D2s,dynotears,all,0.4194,0.058,0.1685,-0.5105,4515
378,DYNO-D2s,dynotears,nber_recession,-0.6061,-0.2585,0.3761,-0.5199,420
378,DYNO-D2s,dynotears,nber_expansion,0.7823,0.0973,0.1295,-0.2012,4095
378,DYNO-D2s,dynotears,low_vol,5.8638,0.4435,0.063,-0.0266,905
378,DYNO-D2s,dynotears,high_vol,-1.3607,-0.3727,0.3075,-0.8138,903
378,DYNO-D3,dynotears,all,0.4003,0.057,0.1783,-0.5523,4515
378,DYNO-D3,dynotears,nber_recession,-0.6587,-0.2912,0.4001,-0.5536,420
378,DYNO-D3,dynotears,nber_expansion,0.7755,0.1012,0.1363,-0.2234,4095
378,DYNO-D3,dynotears,low_vol,6.1239,0.4719,0.0635,-0.026,905
378,DYNO-D3,dynotears,high_vol,-1.4024,-0.4016,0.3274,-0.8413,903
378,DYNO-D4,dynotears,all,0.403,0.0545,0.166,-0.5059,4515
378,DYNO-D4,dynotears,nber_recession,-0.6111,-0.2583,0.3739,-0.5152,420
378,DYNO-D4,dynotears,nber_expansion,0.7684,0.0932,0.1265,-0.2014,4095
378,DYNO-D4,dynotears,low_vol,5.719,0.427,0.0626,-0.0277,905
378,DYNO-D4,dynotears,high_vol,-1.3429,-0.366,0.3044,-0.8071,903
378,VARL-D0s,varlingam,all,0.3999,0.0541,0.1667,-0.5179,4515
378,VARL-D0s,varlingam,nber_recession,-0.636,-0.2658,0.3748,-0.524,420
378,VARL-D0s,varlingam,nber_expansion,0.7695,0.094,0.1273,-0.2132,4095
378,VARL-D0s,varlingam,low_vol,5.7074,0.4259,0.0625,-0.0266,905
378,VARL-D0s,varlingam,high_vol,-1.3512,-0.3688,0.3056,-0.8097,903
378,VARL-D1,varlingam,all,0.4104,0.0567,0.1696,-0.5168,4515
378,VARL-D1,varlingam,nber_recession,-0.6318,-0.2694,0.3812,-0.5287,420
378,VARL-D1,varlingam,nber_expansion,0.7833,0.0975,0.1295,-0.2063,4095
378,VARL-D1,varlingam,low_vol,5.9083,0.445,0.0627,-0.0269,905
378,VARL-D1,varlingam,high_vol,-1.3506,-0.374,0.3107,-0.8151,903
378,VARL-D2,varlingam,all,0.3976,0.0539,0.1674,-0.5106,4515
378,VARL-D2,varlingam,nber_recession,-0.6207,-0.2643,0.3784,-0.5241,420
378,VARL-D2,varlingam,nber_expansion,0.7666,0.0934,0.1271,-0.2022,4095
378,VARL-D2,varlingam,low_vol,5.7008,0.4241,0.0624,-0.0274,905
378,VARL-D2,varlingam,high_vol,-1.3341,-0.3672,0.3072,-0.8078,903
378,VARL-D2s,varlingam,all,0.3988,0.0547,0.1698,-0.5157,4515
378,VARL-D2s,varlingam,nber_recession,-0.6334,-0.2704,0.3819,-0.5313,420
378,VARL-D2s,varlingam,nber_expansion,0.7678,0.0953,0.1296,-0.2019,4095
378,VARL-D2s,varlingam,low_vol,5.8882,0.4426,0.0626,-0.0268,905
378,VARL-D2s,varlingam,high_vol,-1.3572,-0.3756,0.311,-0.8164,903
378,VARL-D3,varlingam,all,0.3941,0.0559,0.1787,-0.5611,4515
378,VARL-D3,varlingam,nber_recession,-0.6612,-0.2951,0.4043,-0.5598,420
378,VARL-D3,varlingam,nber_expansion,0.7749,0.1006,0.1356,-0.2197,4095
378,VARL-D3,varlingam,low_vol,6.2501,0.4777,0.0628,-0.0248,905
378,VARL-D3,varlingam,high_vol,-1.3996,-0.4027,0.329,-0.8417,903
378,VARL-D4,varlingam,all,0.4187,0.0571,0.1654,-0.5094,4515
378,VARL-D4,varlingam,nber_recession,-0.6215,-0.2598,0.372,-0.517,420
378,VARL-D4,varlingam,nber_expansion,0.7929,0.0964,0.1262,-0.1966,4095
378,VARL-D4,varlingam,low_vol,5.716,0.4268,0.0626,-0.0268,905
378,VARL-D4,varlingam,high_vol,-1.3233,-0.3605,0.3028,-0.8006,903
504,V0,—,all,0.3704,0.0494,0.1686,-0.5233,4515
504,V0,—,nber_recession,-0.6321,-0.2684,0.3797,-0.5272,420
504,V0,—,nber_expansion,0.7275,0.0889,0.1285,-0.203,4095
504,V0,—,low_vol,5.67,0.4239,0.0627,-0.0273,905
504,V0,—,high_vol,-1.3763,-0.3772,0.3089,-0.8176,903
504,V0prime,dynotears,all,0.3753,0.0502,0.1685,-0.5238,4515
504,V0prime,dynotears,nber_recession,-0.6352,-0.2685,0.3786,-0.5277,420
504,V0prime,dynotears,nber_expansion,0.7332,0.0899,0.1288,-0.2048,4095
504,V0prime,dynotears,low_vol,5.6971,0.4258,0.0626,-0.0278,905
504,V0prime,dynotears,high_vol,-1.3978,-0.3811,0.3087,-0.8214,903
504,V1-DYNOTEARS,dynotears,all,0.3715,0.0495,0.1684,-0.5293,4515
504,V1-DYNOTEARS,dynotears,nber_recession,-0.6286,-0.2671,0.3792,-0.526,420
504,V1-DYNOTEARS,dynotears,nber_expansion,0.728,0.0889,0.1283,-0.2084,4095
504,V1-DYNOTEARS,dynotears,low_vol,5.6344,0.4204,0.0627,-0.0286,905
504,V1-DYNOTEARS,dynotears,high_vol,-1.3897,-0.3795,0.3086,-0.8195,903
504,V2-DYNOTEARS,dynotears,all,0.3715,0.0495,0.1684,-0.5293,4515
504,V2-DYNOTEARS,dynotears,nber_recession,-0.6286,-0.2671,0.3792,-0.526,420
504,V2-DYNOTEARS,dynotears,nber_expansion,0.728,0.0889,0.1283,-0.2084,4095
504,V2-DYNOTEARS,dynotears,low_vol,5.6344,0.4204,0.0627,-0.0286,905
504,V2-DYNOTEARS,dynotears,high_vol,-1.3897,-0.3795,0.3086,-0.8195,903
504,V1-VARLiNGAM,varlingam,all,0.3567,0.0468,0.168,-0.5299,4515
504,V1-VARLiNGAM,varlingam,nber_recession,-0.6488,-0.2707,0.3766,-0.5278,420
504,V1-VARLiNGAM,varlingam,nber_expansion,0.7087,0.0864,0.1286,-0.21,4095
504,V1-VARLiNGAM,varlingam,low_vol,5.5627,0.4155,0.0629,-0.0283,905
504,V1-VARLiNGAM,varlingam,high_vol,-1.3889,-0.378,0.3075,-0.8183,903
504,V2-VARLiNGAM,varlingam,all,0.3567,0.0468,0.168,-0.5299,4515
504,V2-VARLiNGAM,varlingam,nber_recession,-0.6488,-0.2707,0.3766,-0.5278,420
504,V2-VARLiNGAM,varlingam,nber_expansion,0.7087,0.0864,0.1286,-0.21,4095
504,V2-VARLiNGAM,varlingam,low_vol,5.5627,0.4155,0.0629,-0.0283,905
504,V2-VARLiNGAM,varlingam,high_vol,-1.3889,-0.378,0.3075,-0.8183,903
504,CORR-HRP,—,all,0.3831,0.051,0.1659,-0.5204,4515
504,CORR-HRP,—,nber_recession,-0.6222,-0.2593,0.371,-0.5152,420
504,CORR-HRP,—,nber_expansion,0.7371,0.0894,0.1272,-0.208,4095
504,CORR-HRP,—,low_vol,5.6475,0.4224,0.0628,-0.0271,905
504,CORR-HRP,—,high_vol,-1.3848,-0.3725,0.303,-0.8131,903
504,VARL-D0,varlingam,all,0.3641,0.0483,0.1688,-0.5292,4515
504,VARL-D0,varlingam,nber_recession,-0.645,-0.2723,0.3801,-0.5308,420
504,VARL-D0,varlingam,nber_expansion,0.7223,0.0883,0.1286,-0.2118,4095
504,VARL-D0,varlingam,low_vol,5.6585,0.4216,0.0626,-0.0279,905
504,VARL-D0,varlingam,high_vol,-1.3866,-0.3798,0.3095,-0.8204,903
504,DYNO-D0s,dynotears,all,0.3945,0.0534,0.1676,-0.5147,4515
504,DYNO-D0s,dynotears,nber_recession,-0.5942,-0.2553,0.3762,-0.5115,420
504,DYNO-D0s,dynotears,nber_expansion,0.7479,0.0915,0.1281,-0.2068,4095
504,DYNO-D0s,dynotears,low_vol,5.7147,0.4272,0.0626,-0.0268,905
504,DYNO-D0s,dynotears,high_vol,-1.3574,-0.3712,0.3067,-0.8112,903
504,DYNO-D1,dynotears,all,0.3959,0.0542,0.1699,-0.5163,4515
504,DYNO-D1,dynotears,nber_recession,-0.604,-0.2593,0.3779,-0.5214,420
504,DYNO-D1,dynotears,nber_expansion,0.7454,0.093,0.1309,-0.206,4095
504,DYNO-D1,dynotears,low_vol,5.7842,0.4366,0.063,-0.0278,905
504,DYNO-D1,dynotears,high_vol,-1.3881,-0.3805,0.3099,-0.8202,903
504,DYNO-D2,dynotears,all,0.3816,0.0512,0.168,-0.5273,4515
504,DYNO-D2,dynotears,nber_recession,-0.6151,-0.2619,0.3773,-0.5187,420
504,DYNO-D2,dynotears,nber_expansion,0.7362,0.09,0.1283,-0.2121,4095
504,DYNO-D2,dynotears,low_vol,5.669,0.424,0.0627,-0.027,905
504,DYNO-D2,dynotears,high_vol,-1.382,-0.3767,0.3074,-0.8166,903
504,DYNO-D2s,dynotears,all,0.3992,0.0546,0.1691,-0.5224,4515
504,DYNO-D2s,dynotears,nber_recession,-0.6165,-0.261,0.3754,-0.5202,420
504,DYNO-D2s,dynotears,nber_expansion,0.7519,0.0937,0.1306,-0.2163,4095
504,DYNO-D2s,dynotears,low_vol,5.7673,0.4348,0.063,-0.0265,905
504,DYNO-D2s,dynotears,high_vol,-1.3972,-0.3803,0.308,-0.8199,903
504,DYNO-D3,dynotears,all,0.3865,0.0544,0.1784,-0.5608,4515
504,DYNO-D3,dynotears,nber_recession,-0.671,-0.2946,0.3999,-0.5581,420
504,DYNO-D3,dynotears,nber_expansion,0.7588,0.0988,0.1365,-0.2279,4095
504,DYNO-D3,dynotears,low_vol,6.051,0.4622,0.0632,-0.0266,905
504,DYNO-D3,dynotears,high_vol,-1.4201,-0.405,0.3274,-0.8437,903
504,DYNO-D4,dynotears,all,0.3898,0.0525,0.1673,-0.5216,4515
504,DYNO-D4,dynotears,nber_recession,-0.6321,-0.265,0.3751,-0.5237,420
504,DYNO-D4,dynotears,nber_expansion,0.7514,0.092,0.1281,-0.2062,4095
504,DYNO-D4,dynotears,low_vol,5.6362,0.4232,0.063,-0.0278,905
504,DYNO-D4,dynotears,high_vol,-1.3589,-0.3708,0.3061,-0.8122,903
504,VARL-D0s,varlingam,all,0.3768,0.0504,0.168,-0.5269,4515
504,VARL-D0s,varlingam,nber_recession,-0.6424,-0.2689,0.3765,-0.5269,420
504,VARL-D0s,varlingam,nber_expansion,0.7355,0.0901,0.1286,-0.2062,4095
504,VARL-D0s,varlingam,low_vol,5.5889,0.4194,0.0631,-0.0281,905
504,VARL-D0s,varlingam,high_vol,-1.374,-0.3749,0.3072,-0.8153,903
504,VARL-D1,varlingam,all,0.3709,0.05,0.1711,-0.5284,4515
504,VARL-D1,varlingam,nber_recession,-0.648,-0.2751,0.3827,-0.5352,420
504,VARL-D1,varlingam,nber_expansion,0.7271,0.0906,0.1312,-0.2137,4095
504,VARL-D1,varlingam,low_vol,5.8245,0.4398,0.063,-0.028,905
504,VARL-D1,varlingam,high_vol,-1.3989,-0.3858,0.3129,-0.8258,903
504,VARL-D2,varlingam,all,0.3719,0.0496,0.1686,-0.5233,4515
504,VARL-D2,varlingam,nber_recession,-0.6195,-0.2648,0.3795,-0.524,420
504,VARL-D2,varlingam,nber_expansion,0.7253,0.0887,0.1286,-0.2136,4095
504,VARL-D2,varlingam,low_vol,5.6694,0.4225,0.0625,-0.0276,905
504,VARL-D2,varlingam,high_vol,-1.3868,-0.3792,0.3089,-0.8194,903
504,VARL-D2s,varlingam,all,0.3753,0.0508,0.1712,-0.5247,4515
504,VARL-D2s,varlingam,nber_recession,-0.6238,-0.2687,0.3832,-0.5297,420
504,VARL-D2s,varlingam,nber_expansion,0.727,0.0906,0.1312,-0.216,4095
504,VARL-D2s,varlingam,low_vol,5.8241,0.4395,0.0629,-0.0273,905
504,VARL-D2s,varlingam,high_vol,-1.3935,-0.3849,0.3131,-0.8242,903
504,VARL-D3,varlingam,all,0.3753,0.0526,0.1799,-0.5706,4515
504,VARL-D3,varlingam,nber_recession,-0.6856,-0.3033,0.4059,-0.5674,420
504,VARL-D3,varlingam,nber_expansion,0.7525,0.0981,0.1369,-0.2274,4095
504,VARL-D3,varlingam,low_vol,6.1925,0.475,0.0631,-0.0258,905
504,VARL-D3,varlingam,high_vol,-1.4278,-0.4106,0.3313,-0.8484,903
504,VARL-D4,varlingam,all,0.3937,0.0531,0.1668,-0.519,4515
504,VARL-D4,varlingam,nber_recession,-0.6268,-0.2622,0.3733,-0.5201,420
504,VARL-D4,varlingam,nber_expansion,0.7539,0.0922,0.1279,-0.2136,4095
504,VARL-D4,varlingam,low_vol,5.7041,0.4246,0.0624,-0.0287,905
504,VARL-D4,varlingam,high_vol,-1.3662,-0.3714,0.3053,-0.812,903
