variant,method,named_regime,mean_excess_sharpe,n_rebalances
V0,—,GFC 2007-09,0.163,24
V0,—,2018Q4 selloff,0.3555,3
V0,—,COVID 2020,0.1421,3
V0,—,2022 rate-hike,0.2352,12
V0,—,Bull 2013-18,-0.1287,69
V0prime,dynotears,GFC 2007-09,0.2206,24
V0prime,dynotears,2018Q4 selloff,0.4731,3
V0prime,dynotears,COVID 2020,0.2215,3
V0prime,dynotears,2022 rate-hike,0.2073,12
V0prime,dynotears,Bull 2013-18,-0.0823,69
V1-DYNOTEARS,dynotears,GFC 2007-09,0.1932,24
V1-DYNOTEARS,dynotears,2018Q4 selloff,0.4243,3
V1-DYNOTEARS,dynotears,COVID 2020,0.1414,3
V1-DYNOTEARS,dynotears,2022 rate-hike,0.1996,12
V1-DYNOTEARS,dynotears,Bull 2013-18,-0.1623,69
V2-DYNOTEARS,dynotears,GFC 2007-09,0.1932,24
V2-DYNOTEARS,dynotears,2018Q4 selloff,0.4243,3
V2-DYNOTEARS,dynotears,COVID 2020,0.1414,3
V2-DYNOTEARS,dynotears,2022 rate-hike,0.1996,12
V2-DYNOTEARS,dynotears,Bull 2013-18,-0.1623,69
V1-VARLiNGAM,varlingam,GFC 2007-09,0.2089,24
V1-VARLiNGAM,varlingam,2018Q4 selloff,0.4611,3
V1-VARLiNGAM,varlingam,COVID 2020,0.2182,3
V1-VARLiNGAM,varlingam,2022 rate-hike,0.2522,12
V1-VARLiNGAM,varlingam,Bull 2013-18,-0.1164,69
V2-VARLiNGAM,varlingam,GFC 2007-09,0.2089,24
V2-VARLiNGAM,varlingam,2018Q4 selloff,0.4611,3
V2-VARLiNGAM,varlingam,COVID 2020,0.2182,3
V2-VARLiNGAM,varlingam,2022 rate-hike,0.2522,12
V2-VARLiNGAM,varlingam,Bull 2013-18,-0.1164,69
CORR-HRP,—,GFC 2007-09,0.2585,24
CORR-HRP,—,2018Q4 selloff,0.5747,3
CORR-HRP,—,COVID 2020,0.3454,3
CORR-HRP,—,2022 rate-hike,0.2148,12
CORR-HRP,—,Bull 2013-18,-0.0576,69
VARL-D0,varlingam,GFC 2007-09,0.2314,24
VARL-D0,varlingam,2018Q4 selloff,0.3886,3
VARL-D0,varlingam,COVID 2020,0.1518,3
VARL-D0,varlingam,2022 rate-hike,0.2888,12
VARL-D0,varlingam,Bull 2013-18,-0.1302,69
DYNO-D0s,dynotears,GFC 2007-09,0.1815,24
DYNO-D0s,dynotears,2018Q4 selloff,0.5321,3
DYNO-D0s,dynotears,COVID 2020,0.1686,3
DYNO-D0s,dynotears,2022 rate-hike,0.1718,12
DYNO-D0s,dynotears,Bull 2013-18,-0.0919,69
DYNO-D1,dynotears,GFC 2007-09,0.2399,24
DYNO-D1,dynotears,2018Q4 selloff,0.2751,3
DYNO-D1,dynotears,COVID 2020,0.238,3
DYNO-D1,dynotears,2022 rate-hike,0.2122,12
DYNO-D1,dynotears,Bull 2013-18,-0.0807,69
DYNO-D2,dynotears,GFC 2007-09,0.2254,24
DYNO-D2,dynotears,2018Q4 selloff,0.5197,3
DYNO-D2,dynotears,COVID 2020,0.1782,3
DYNO-D2,dynotears,2022 rate-hike,0.3035,12
DYNO-D2,dynotears,Bull 2013-18,-0.0762,69
DYNO-D2s,dynotears,GFC 2007-09,0.2267,24
DYNO-D2s,dynotears,2018Q4 selloff,0.3855,3
DYNO-D2s,dynotears,COVID 2020,0.2691,3
DYNO-D2s,dynotears,2022 rate-hike,0.2951,12
DYNO-D2s,dynotears,Bull 2013-18,-0.0859,69
DYNO-D3,dynotears,GFC 2007-09,0.1185,24
DYNO-D3,dynotears,2018Q4 selloff,0.0218,3
DYNO-D3,dynotears,COVID 2020,0.2269,3
DYNO-D3,dynotears,2022 rate-hike,0.2019,12
DYNO-D3,dynotears,Bull 2013-18,-0.0223,69
DYNO-D4,dynotears,GFC 2007-09,0.2168,24
DYNO-D4,dynotears,2018Q4 selloff,0.5346,3
DYNO-D4,dynotears,COVID 2020,0.2358,3
DYNO-D4,dynotears,2022 rate-hike,0.1484,12
DYNO-D4,dynotears,Bull 2013-18,-0.098,69
VARL-D0s,varlingam,GFC 2007-09,0.206,24
VARL-D0s,varlingam,2018Q4 selloff,0.4596,3
VARL-D0s,varlingam,COVID 2020,0.1604,3
VARL-D0s,varlingam,2022 rate-hike,0.1954,12
VARL-D0s,varlingam,Bull 2013-18,-0.1097,69
VARL-D1,varlingam,GFC 2007-09,0.2125,24
VARL-D1,varlingam,2018Q4 selloff,0.2503,3
VARL-D1,varlingam,COVID 2020,0.0732,3
VARL-D1,varlingam,2022 rate-hike,0.2104,12
VARL-D1,varlingam,Bull 2013-18,-0.0806,69
VARL-D2,varlingam,GFC 2007-09,0.1937,24
VARL-D2,varlingam,2018Q4 selloff,0.4144,3
VARL-D2,varlingam,COVID 2020,0.1935,3
VARL-D2,varlingam,2022 rate-hike,0.2,12
VARL-D2,varlingam,Bull 2013-18,-0.1239,69
VARL-D2s,varlingam,GFC 2007-09,0.1878,24
VARL-D2s,varlingam,2018Q4 selloff,0.3107,3
VARL-D2s,varlingam,COVID 2020,0.1468,3
VARL-D2s,varlingam,2022 rate-hike,0.138,12
VARL-D2s,varlingam,Bull 2013-18,-0.0792,69
VARL-D3,varlingam,GFC 2007-09,0.1222,24
VARL-D3,varlingam,2018Q4 selloff,0.0573,3
VARL-D3,varlingam,COVID 2020,0.2044,3
VARL-D3,varlingam,2022 rate-hike,0.1092,12
VARL-D3,varlingam,Bull 2013-18,-0.0218,69
VARL-D4,varlingam,GFC 2007-09,0.2142,24
VARL-D4,varlingam,2018Q4 selloff,0.602,3
VARL-D4,varlingam,COVID 2020,0.2821,3
VARL-D4,varlingam,2022 rate-hike,0.217,12
VARL-D4,varlingam,Bull 2013-18,-0.0078,69
