window,variant,method,regime,turnover_1way_annual,n_rebalances
189,CORR-HRP,—,all,1.5838,214
189,CORR-HRP,—,nber_recession,1.6894,20
189,CORR-HRP,—,nber_expansion,1.5949,194
189,CORR-HRP,—,low_vol,1.8736,40
189,CORR-HRP,—,high_vol,1.8495,41
189,VARL-D0,varlingam,all,1.4367,214
189,VARL-D0,varlingam,nber_recession,1.5936,20
189,VARL-D0,varlingam,nber_expansion,1.4419,194
189,VARL-D0,varlingam,low_vol,1.5592,40
189,VARL-D0,varlingam,high_vol,1.721,41
189,DYNO-D0s,dynotears,all,1.8105,214
189,DYNO-D0s,dynotears,nber_recession,1.8492,20
189,DYNO-D0s,dynotears,nber_expansion,1.8263,194
189,DYNO-D0s,dynotears,low_vol,2.079,40
189,DYNO-D0s,dynotears,high_vol,1.9453,41
189,DYNO-D1,dynotears,all,1.4087,214
189,DYNO-D1,dynotears,nber_recession,1.5775,20
189,DYNO-D1,dynotears,nber_expansion,1.4161,194
189,DYNO-D1,dynotears,low_vol,1.6853,40
189,DYNO-D1,dynotears,high_vol,1.664,41
189,DYNO-D2,dynotears,all,1.6797,214
189,DYNO-D2,dynotears,nber_recession,1.7387,20
189,DYNO-D2,dynotears,nber_expansion,1.6903,194
189,DYNO-D2,dynotears,low_vol,1.8709,40
189,DYNO-D2,dynotears,high_vol,1.8684,41
189,DYNO-D2s,dynotears,all,1.772,214
189,DYNO-D2s,dynotears,nber_recession,1.8582,20
189,DYNO-D2s,dynotears,nber_expansion,1.7808,194
189,DYNO-D2s,dynotears,low_vol,1.9911,40
189,DYNO-D2s,dynotears,high_vol,1.9557,41
189,DYNO-D3,dynotears,all,0.8577,214
189,DYNO-D3,dynotears,nber_recession,0.9553,20
189,DYNO-D3,dynotears,nber_expansion,0.8619,194
189,DYNO-D3,dynotears,low_vol,0.9885,40
189,DYNO-D3,dynotears,high_vol,1.0381,41
189,DYNO-D4,dynotears,all,1.7758,214
189,DYNO-D4,dynotears,nber_recession,1.7994,20
189,DYNO-D4,dynotears,nber_expansion,1.791,194
189,DYNO-D4,dynotears,low_vol,2.0137,40
189,DYNO-D4,dynotears,high_vol,1.952,41
189,VARL-D0s,varlingam,all,1.4476,214
189,VARL-D0s,varlingam,nber_recession,1.6002,20
189,VARL-D0s,varlingam,nber_expansion,1.4491,194
189,VARL-D0s,varlingam,low_vol,1.5486,40
189,VARL-D0s,varlingam,high_vol,1.6809,41
189,VARL-D1,varlingam,all,2.8214,214
189,VARL-D1,varlingam,nber_recession,1.9387,20
189,VARL-D1,varlingam,nber_expansion,2.9329,194
189,VARL-D1,varlingam,low_vol,2.9969,40
189,VARL-D1,varlingam,high_vol,2.462,41
189,VARL-D2,varlingam,all,1.2874,214
189,VARL-D2,varlingam,nber_recession,1.3344,20
189,VARL-D2,varlingam,nber_expansion,1.3041,194
189,VARL-D2,varlingam,low_vol,1.3702,40
189,VARL-D2,varlingam,high_vol,1.5308,41
189,VARL-D2s,varlingam,all,2.3761,214
189,VARL-D2s,varlingam,nber_recession,1.7299,20
189,VARL-D2s,varlingam,nber_expansion,2.4657,194
189,VARL-D2s,varlingam,low_vol,2.7216,40
189,VARL-D2s,varlingam,high_vol,2.0958,41
189,VARL-D3,varlingam,all,1.2954,214
189,VARL-D3,varlingam,nber_recession,0.8897,20
189,VARL-D3,varlingam,nber_expansion,1.3511,194
189,VARL-D3,varlingam,low_vol,1.7318,40
189,VARL-D3,varlingam,high_vol,1.1593,41
189,VARL-D4,varlingam,all,1.752,214
189,VARL-D4,varlingam,nber_recession,1.735,20
189,VARL-D4,varlingam,nber_expansion,1.7712,194
189,VARL-D4,varlingam,low_vol,1.9347,40
189,VARL-D4,varlingam,high_vol,1.933,41
252,V0,—,all,1.4411,214
252,V0,—,nber_recession,1.6023,20
252,V0,—,nber_expansion,1.4451,194
252,V0,—,low_vol,1.5244,40
252,V0,—,high_vol,1.6806,41
252,V0prime,dynotears,all,1.3992,214
252,V0prime,dynotears,nber_recession,1.5943,20
252,V0prime,dynotears,nber_expansion,1.399,194
252,V0prime,dynotears,low_vol,1.523,40
252,V0prime,dynotears,high_vol,1.6845,41
252,V1-DYNOTEARS,dynotears,all,1.4317,214
252,V1-DYNOTEARS,dynotears,nber_recession,1.5522,20
252,V1-DYNOTEARS,dynotears,nber_expansion,1.4395,194
252,V1-DYNOTEARS,dynotears,low_vol,1.5263,40
252,V1-DYNOTEARS,dynotears,high_vol,1.6748,41
252,V2-DYNOTEARS,dynotears,all,1.4317,214
252,V2-DYNOTEARS,dynotears,nber_recession,1.5522,20
252,V2-DYNOTEARS,dynotears,nber_expansion,1.4395,194
252,V2-DYNOTEARS,dynotears,low_vol,1.5263,40
252,V2-DYNOTEARS,dynotears,high_vol,1.6748,41
252,V1-VARLiNGAM,varlingam,all,1.5318,214
252,V1-VARLiNGAM,varlingam,nber_recession,1.6526,20
252,V1-VARLiNGAM,varlingam,nber_expansion,1.5349,194
252,V1-VARLiNGAM,varlingam,low_vol,1.6296,40
252,V1-VARLiNGAM,varlingam,high_vol,1.7527,41
252,V2-VARLiNGAM,varlingam,all,1.5318,214
252,V2-VARLiNGAM,varlingam,nber_recession,1.6526,20
252,V2-VARLiNGAM,varlingam,nber_expansion,1.5349,194
252,V2-VARLiNGAM,varlingam,low_vol,1.6296,40
252,V2-VARLiNGAM,varlingam,high_vol,1.7527,41
252,CORR-HRP,—,all,1.5224,214
252,CORR-HRP,—,nber_recession,1.6223,20
252,CORR-HRP,—,nber_expansion,1.5324,194
252,CORR-HRP,—,low_vol,1.7292,40
252,CORR-HRP,—,high_vol,1.7712,41
252,VARL-D0,varlingam,all,1.3646,214
252,VARL-D0,varlingam,nber_recession,1.4774,20
252,VARL-D0,varlingam,nber_expansion,1.3711,194
252,VARL-D0,varlingam,low_vol,1.4549,40
252,VARL-D0,varlingam,high_vol,1.6059,41
252,DYNO-D0s,dynotears,all,1.7231,214
252,DYNO-D0s,dynotears,nber_recession,1.8036,20
252,DYNO-D0s,dynotears,nber_expansion,1.7371,194
252,DYNO-D0s,dynotears,low_vol,1.9433,40
252,DYNO-D0s,dynotears,high_vol,1.878,41
252,DYNO-D1,dynotears,all,1.2959,214
252,DYNO-D1,dynotears,nber_recession,1.5333,20
252,DYNO-D1,dynotears,nber_expansion,1.2973,194
252,DYNO-D1,dynotears,low_vol,1.5131,40
252,DYNO-D1,dynotears,high_vol,1.6282,41
252,DYNO-D2,dynotears,all,1.623,214
252,DYNO-D2,dynotears,nber_recession,1.7047,20
252,DYNO-D2,dynotears,nber_expansion,1.6325,194
252,DYNO-D2,dynotears,low_vol,1.7914,40
252,DYNO-D2,dynotears,high_vol,1.8035,41
252,DYNO-D2s,dynotears,all,1.6588,214
252,DYNO-D2s,dynotears,nber_recession,1.7121,20
252,DYNO-D2s,dynotears,nber_expansion,1.6713,194
252,DYNO-D2s,dynotears,low_vol,1.8546,40
252,DYNO-D2s,dynotears,high_vol,1.8511,41
252,DYNO-D3,dynotears,all,0.7691,214
252,DYNO-D3,dynotears,nber_recession,0.9249,20
252,DYNO-D3,dynotears,nber_expansion,0.769,194
252,DYNO-D3,dynotears,low_vol,0.9049,40
252,DYNO-D3,dynotears,high_vol,0.932,41
252,DYNO-D4,dynotears,all,1.7136,214
252,DYNO-D4,dynotears,nber_recession,1.7496,20
252,DYNO-D4,dynotears,nber_expansion,1.7255,194
252,DYNO-D4,dynotears,low_vol,1.9293,40
252,DYNO-D4,dynotears,high_vol,1.887,41
252,VARL-D0s,varlingam,all,1.546,214
252,VARL-D0s,varlingam,nber_recession,1.6205,20
252,VARL-D0s,varlingam,nber_expansion,1.5584,194
252,VARL-D0s,varlingam,low_vol,1.6091,40
252,VARL-D0s,varlingam,high_vol,1.7464,41
252,VARL-D1,varlingam,all,1.5181,214
252,VARL-D1,varlingam,nber_recession,1.4304,20
252,VARL-D1,varlingam,nber_expansion,1.5459,194
252,VARL-D1,varlingam,low_vol,1.7054,40
252,VARL-D1,varlingam,high_vol,1.591,41
252,VARL-D2,varlingam,all,1.3684,214
252,VARL-D2,varlingam,nber_recession,1.4067,20
252,VARL-D2,varlingam,nber_expansion,1.3861,194
252,VARL-D2,varlingam,low_vol,1.4513,40
252,VARL-D2,varlingam,high_vol,1.583,41
252,VARL-D2s,varlingam,all,1.4886,214
252,VARL-D2s,varlingam,nber_recession,1.3066,20
252,VARL-D2s,varlingam,nber_expansion,1.5284,194
252,VARL-D2s,varlingam,low_vol,1.6809,40
252,VARL-D2s,varlingam,high_vol,1.5747,41
252,VARL-D3,varlingam,all,0.6746,214
252,VARL-D3,varlingam,nber_recession,0.6361,20
252,VARL-D3,varlingam,nber_expansion,0.6974,194
252,VARL-D3,varlingam,low_vol,0.981,40
252,VARL-D3,varlingam,high_vol,0.725,41
252,VARL-D4,varlingam,all,1.7172,214
252,VARL-D4,varlingam,nber_recession,1.7279,20
252,VARL-D4,varlingam,nber_expansion,1.734,194
252,VARL-D4,varlingam,low_vol,1.9676,40
252,VARL-D4,varlingam,high_vol,1.903,41
378,CORR-HRP,—,all,1.4213,214
378,CORR-HRP,—,nber_recession,1.6568,20
378,CORR-HRP,—,nber_expansion,1.4188,194
378,CORR-HRP,—,low_vol,1.5637,40
378,CORR-HRP,—,high_vol,1.7153,41
378,VARL-D0,varlingam,all,1.3337,214
378,VARL-D0,varlingam,nber_recession,1.4654,20
378,VARL-D0,varlingam,nber_expansion,1.3385,194
378,VARL-D0,varlingam,low_vol,1.3705,40
378,VARL-D0,varlingam,high_vol,1.5544,41
378,DYNO-D0s,dynotears,all,1.6328,214
378,DYNO-D0s,dynotears,nber_recession,1.7201,20
378,DYNO-D0s,dynotears,nber_expansion,1.6434,194
378,DYNO-D0s,dynotears,low_vol,1.7963,40
378,DYNO-D0s,dynotears,high_vol,1.807,41
378,DYNO-D1,dynotears,all,1.1693,214
378,DYNO-D1,dynotears,nber_recession,1.3511,20
378,DYNO-D1,dynotears,nber_expansion,1.1748,194
378,DYNO-D1,dynotears,low_vol,1.3621,40
378,DYNO-D1,dynotears,high_vol,1.3907,41
378,DYNO-D2,dynotears,all,1.5487,214
378,DYNO-D2,dynotears,nber_recession,1.6422,20
378,DYNO-D2,dynotears,nber_expansion,1.5562,194
378,DYNO-D2,dynotears,low_vol,1.6481,40
378,DYNO-D2,dynotears,high_vol,1.7426,41
378,DYNO-D2s,dynotears,all,1.5397,214
378,DYNO-D2s,dynotears,nber_recession,1.6399,20
378,DYNO-D2s,dynotears,nber_expansion,1.5461,194
378,DYNO-D2s,dynotears,low_vol,1.684,40
378,DYNO-D2s,dynotears,high_vol,1.7065,41
378,DYNO-D3,dynotears,all,0.6616,214
378,DYNO-D3,dynotears,nber_recession,0.8237,20
378,DYNO-D3,dynotears,nber_expansion,0.6628,194
378,DYNO-D3,dynotears,low_vol,0.8143,40
378,DYNO-D3,dynotears,high_vol,0.8363,41
378,DYNO-D4,dynotears,all,1.63,214
378,DYNO-D4,dynotears,nber_recession,1.7108,20
378,DYNO-D4,dynotears,nber_expansion,1.6417,194
378,DYNO-D4,dynotears,low_vol,1.7318,40
378,DYNO-D4,dynotears,high_vol,1.8871,41
378,VARL-D0s,varlingam,all,1.6366,214
378,VARL-D0s,varlingam,nber_recession,1.7364,20
378,VARL-D0s,varlingam,nber_expansion,1.6438,194
378,VARL-D0s,varlingam,low_vol,1.7262,40
378,VARL-D0s,varlingam,high_vol,1.8226,41
378,VARL-D1,varlingam,all,1.2201,214
378,VARL-D1,varlingam,nber_recession,1.2804,20
378,VARL-D1,varlingam,nber_expansion,1.231,194
378,VARL-D1,varlingam,low_vol,1.2565,40
378,VARL-D1,varlingam,high_vol,1.4031,41
378,VARL-D2,varlingam,all,1.2968,214
378,VARL-D2,varlingam,nber_recession,1.3473,20
378,VARL-D2,varlingam,nber_expansion,1.3098,194
378,VARL-D2,varlingam,low_vol,1.3239,40
378,VARL-D2,varlingam,high_vol,1.4939,41
378,VARL-D2s,varlingam,all,1.2114,214
378,VARL-D2s,varlingam,nber_recession,1.2008,20
378,VARL-D2s,varlingam,nber_expansion,1.2301,194
378,VARL-D2s,varlingam,low_vol,1.2399,40
378,VARL-D2s,varlingam,high_vol,1.3757,41
378,VARL-D3,varlingam,all,0.4748,214
378,VARL-D3,varlingam,nber_recession,0.5233,20
378,VARL-D3,varlingam,nber_expansion,0.485,194
378,VARL-D3,varlingam,low_vol,0.635,40
378,VARL-D3,varlingam,high_vol,0.5921,41
378,VARL-D4,varlingam,all,1.6491,214
378,VARL-D4,varlingam,nber_recession,1.6756,20
378,VARL-D4,varlingam,nber_expansion,1.6631,194
378,VARL-D4,varlingam,low_vol,1.7664,40
378,VARL-D4,varlingam,high_vol,1.8232,41
504,V0,—,all,1.3337,214
504,V0,—,nber_recession,1.5273,20
504,V0,—,nber_expansion,1.3288,194
504,V0,—,low_vol,1.4195,40
504,V0,—,high_vol,1.5559,41
504,V0prime,dynotears,all,1.2696,214
504,V0prime,dynotears,nber_recession,1.4114,20
504,V0prime,dynotears,nber_expansion,1.2687,194
504,V0prime,dynotears,low_vol,1.3577,40
504,V0prime,dynotears,high_vol,1.5651,41
504,V1-DYNOTEARS,dynotears,all,1.339,214
504,V1-DYNOTEARS,dynotears,nber_recession,1.5145,20
504,V1-DYNOTEARS,dynotears,nber_expansion,1.3359,194
504,V1-DYNOTEARS,dynotears,low_vol,1.4161,40
504,V1-DYNOTEARS,dynotears,high_vol,1.5989,41
504,V2-DYNOTEARS,dynotears,all,1.339,214
504,V2-DYNOTEARS,dynotears,nber_recession,1.5145,20
504,V2-DYNOTEARS,dynotears,nber_expansion,1.3359,194
504,V2-DYNOTEARS,dynotears,low_vol,1.4161,40
504,V2-DYNOTEARS,dynotears,high_vol,1.5989,41
504,V1-VARLiNGAM,varlingam,all,1.4191,214
504,V1-VARLiNGAM,varlingam,nber_recession,1.5831,20
504,V1-VARLiNGAM,varlingam,nber_expansion,1.4119,194
504,V1-VARLiNGAM,varlingam,low_vol,1.5236,40
504,V1-VARLiNGAM,varlingam,high_vol,1.6394,41
504,V2-VARLiNGAM,varlingam,all,1.4191,214
504,V2-VARLiNGAM,varlingam,nber_recession,1.5831,20
504,V2-VARLiNGAM,varlingam,nber_expansion,1.4119,194
504,V2-VARLiNGAM,varlingam,low_vol,1.5236,40
504,V2-VARLiNGAM,varlingam,high_vol,1.6394,41
504,CORR-HRP,—,all,1.3193,214
504,CORR-HRP,—,nber_recession,1.4632,20
504,CORR-HRP,—,nber_expansion,1.3209,194
504,CORR-HRP,—,low_vol,1.4656,40
504,CORR-HRP,—,high_vol,1.6042,41
504,VARL-D0,varlingam,all,1.2698,214
504,VARL-D0,varlingam,nber_recession,1.4318,20
504,VARL-D0,varlingam,nber_expansion,1.2672,194
504,VARL-D0,varlingam,low_vol,1.3374,40
504,VARL-D0,varlingam,high_vol,1.5272,41
504,DYNO-D0s,dynotears,all,1.5898,214
504,DYNO-D0s,dynotears,nber_recession,1.7484,20
504,DYNO-D0s,dynotears,nber_expansion,1.5859,194
504,DYNO-D0s,dynotears,low_vol,1.6903,40
504,DYNO-D0s,dynotears,high_vol,1.846,41
504,DYNO-D1,dynotears,all,1.0505,214
504,DYNO-D1,dynotears,nber_recession,1.2397,20
504,DYNO-D1,dynotears,nber_expansion,1.0504,194
504,DYNO-D1,dynotears,low_vol,1.2337,40
504,DYNO-D1,dynotears,high_vol,1.3144,41
504,DYNO-D2,dynotears,all,1.4768,214
504,DYNO-D2,dynotears,nber_recession,1.5789,20
504,DYNO-D2,dynotears,nber_expansion,1.4781,194
504,DYNO-D2,dynotears,low_vol,1.5842,40
504,DYNO-D2,dynotears,high_vol,1.7232,41
504,DYNO-D2s,dynotears,all,1.4226,214
504,DYNO-D2s,dynotears,nber_recession,1.5267,20
504,DYNO-D2s,dynotears,nber_expansion,1.4279,194
504,DYNO-D2s,dynotears,low_vol,1.5888,40
504,DYNO-D2s,dynotears,high_vol,1.6428,41
504,DYNO-D3,dynotears,all,0.5719,214
504,DYNO-D3,dynotears,nber_recession,0.7221,20
504,DYNO-D3,dynotears,nber_expansion,0.5709,194
504,DYNO-D3,dynotears,low_vol,0.6697,40
504,DYNO-D3,dynotears,high_vol,0.7684,41
504,DYNO-D4,dynotears,all,1.5627,214
504,DYNO-D4,dynotears,nber_recession,1.6664,20
504,DYNO-D4,dynotears,nber_expansion,1.5648,194
504,DYNO-D4,dynotears,low_vol,1.7164,40
504,DYNO-D4,dynotears,high_vol,1.8122,41
504,VARL-D0s,varlingam,all,1.5673,214
504,VARL-D0s,varlingam,nber_recession,1.7248,20
504,VARL-D0s,varlingam,nber_expansion,1.5643,194
504,VARL-D0s,varlingam,low_vol,1.666,40
504,VARL-D0s,varlingam,high_vol,1.7404,41
504,VARL-D1,varlingam,all,1.1271,214
504,VARL-D1,varlingam,nber_recession,1.2433,20
504,VARL-D1,varlingam,nber_expansion,1.1266,194
504,VARL-D1,varlingam,low_vol,1.2247,40
504,VARL-D1,varlingam,high_vol,1.3401,41
504,VARL-D2,varlingam,all,1.245,214
504,VARL-D2,varlingam,nber_recession,1.2996,20
504,VARL-D2,varlingam,nber_expansion,1.2573,194
504,VARL-D2,varlingam,low_vol,1.3454,40
504,VARL-D2,varlingam,high_vol,1.4189,41
504,VARL-D2s,varlingam,all,1.1179,214
504,VARL-D2s,varlingam,nber_recession,1.1191,20
504,VARL-D2s,varlingam,nber_expansion,1.133,194
504,VARL-D2s,varlingam,low_vol,1.2271,40
504,VARL-D2s,varlingam,high_vol,1.2501,41
504,VARL-D3,varlingam,all,0.3917,214
504,VARL-D3,varlingam,nber_recession,0.4914,20
504,VARL-D3,varlingam,nber_expansion,0.3956,194
504,VARL-D3,varlingam,low_vol,0.5122,40
504,VARL-D3,varlingam,high_vol,0.518,41
504,VARL-D4,varlingam,all,1.5817,214
504,VARL-D4,varlingam,nber_recession,1.7175,20
504,VARL-D4,varlingam,nber_expansion,1.5817,194
504,VARL-D4,varlingam,low_vol,1.7191,40
504,VARL-D4,varlingam,high_vol,1.8318,41
