contrast,window,delta_sharpe,se_bootstrap
skeleton (D0-CORR),189,0.1075,0.0764
orientation (D1-D0),189,0.0348,0.0784
total (D1-CORR),189,0.1423,0.122
D2s-D0,189,0.0024,0.105
residual (D1-D0df),189,-0.0904,0.1378
skeleton (D0-CORR),252,0.0712,0.0724
orientation (D1-D0),252,0.0504,0.086
total (D1-CORR),252,0.1216,0.1221
D2s-D0,252,0.0131,0.1074
residual (D1-D0df),252,-0.001,0.1159
skeleton (D0-CORR),378,-0.0093,0.0655
orientation (D1-D0),378,0.1053,0.0612
total (D1-CORR),378,0.096,0.0772
D2s-D0,378,0.0785,0.1065
residual (D1-D0df),378,0.0052,0.1099
skeleton (D0-CORR),504,0.1004,0.0559
orientation (D1-D0),504,0.0359,0.0646
total (D1-CORR),504,0.1364,0.0755
D2s-D0,504,0.1105,0.0866
residual (D1-D0df),504,-0.0015,0.1075
