allocator,window,n_days,sharpe
CORR,189,399,0.8262
D0,189,399,0.9337
D0df,189,399,1.0588
D0s,189,399,0.9271
D1,189,399,0.9685
D2,189,399,0.942
D2s,189,399,0.9361
CORR,252,399,0.8585
D0,252,399,0.9297
D0df,252,399,0.9811
D0s,252,399,0.9188
D1,252,399,0.9801
D2,252,399,0.8894
D2s,252,399,0.9428
CORR,378,399,0.9004
D0,378,399,0.8911
D0df,378,399,0.9912
D0s,378,399,0.8767
D1,378,399,0.9964
D2,378,399,0.9097
D2s,378,399,0.9696
CORR,504,399,0.8495
D0,504,399,0.9499
D0df,504,399,0.9873
D0s,504,399,0.8785
D1,504,399,0.9859
D2,504,399,0.9465
D2s,504,399,1.0604
