contrast,method,window,delta_sharpe,ci_lower,ci_upper,p_value
D0s-D0,dynotears,189,-0.0025272684510377896,-0.025388600977534884,0.022279645597345556,0.8182
D1-D0,dynotears,189,0.01476882210972702,-0.008683062635223336,0.03920446173139789,0.221
D2-D0,dynotears,189,-0.00011724632919146716,-0.023020331467243606,0.022908505842940893,0.9816
D2s-D0,dynotears,189,0.015919740071765165,-0.014646351257043264,0.047708930126494846,0.3142
D3-D0,dynotears,189,0.008624430099845148,-0.04536666184865634,0.0630113064276972,0.7628
D4-D0,dynotears,189,0.01822043429425546,-0.005775472952224232,0.04464116082546416,0.1418
D0-CORR,dynotears,189,-0.01900374749638306,-0.047920483385738843,0.010839791650145451,0.2064
D1-CORR,dynotears,189,-0.004234925386656041,-0.042562285435955895,0.035313109194841465,0.8228
D2s-CORR,dynotears,189,-0.003084007424617896,-0.038894626191801444,0.03406694523840294,0.8652
D0s-D0,dynotears,252,0.002416207856002661,-0.019955306798910895,0.027421343392536754,0.8384
D1-D0,dynotears,252,0.011221444869048969,-0.011741156731178268,0.03597923908721797,0.3526
D2-D0,dynotears,252,-8.927872640329682e-05,-0.01911161211224146,0.019493243140515776,0.9902
D2s-D0,dynotears,252,0.007332350818770927,-0.020366780826466566,0.03769514737428104,0.6104
D3-D0,dynotears,252,-0.0013031091470895317,-0.05239063219159865,0.053344489649069515,0.9496
D4-D0,dynotears,252,-0.0023504123096724228,-0.026081552611289374,0.022227663747091238,0.8668
D0-V0,dynotears,252,0.02783282323072056,0.009658136142752715,0.047089770558986666,0.0028
D0-CORR,dynotears,252,-0.028119530663038572,-0.058480749186626366,0.0006864582077664792,0.0558
D1-CORR,dynotears,252,-0.016898085793989603,-0.05378472420486639,0.019416462031261787,0.3638
D2s-CORR,dynotears,252,-0.020787179844267645,-0.05628322310211993,0.015517402793297462,0.2508
best(D1)-V1,dynotears,252,0.028886491168112538,0.0011189942780349246,0.05779890665017942,0.0426
D0s-D0,dynotears,378,0.007814255255967073,-0.013889530557249655,0.02860779757668193,0.4738
D1-D0,dynotears,378,0.009284345893862067,-0.014541904955892006,0.03311007505385574,0.4486
D2-D0,dynotears,378,0.00037643268453685375,-0.020109942113814294,0.02029236993501726,0.9536
D2s-D0,dynotears,378,0.015198641801975166,-0.014461569768427968,0.04395758120292018,0.3306
D3-D0,dynotears,378,-0.00391784284810448,-0.05687338673966424,0.04786083776019651,0.8662
D4-D0,dynotears,378,-0.0011818852388634782,-0.021933793868712304,0.02021135625023511,0.9174
D0-CORR,dynotears,378,-0.0032393258288754834,-0.027611571614873067,0.022829653077026422,0.7976
D1-CORR,dynotears,378,0.006045020064986584,-0.026417725724791823,0.04013001876833128,0.7274
D2s-CORR,dynotears,378,0.011959315973099682,-0.02273971140365108,0.04747052152376501,0.5014
D0s-D0,dynotears,504,0.01917566726164116,-0.0020038831138132506,0.04029865021327872,0.0716
D1-D0,dynotears,504,0.0206153258378452,-7.820610933619285e-05,0.04092947343526809,0.051
D2-D0,dynotears,504,0.006286549951108722,-0.01552182660208759,0.028663297454324457,0.571
D2s-D0,dynotears,504,0.023844813891318095,-0.003754301008581231,0.05180536908136617,0.0856
D3-D0,dynotears,504,0.011241834718527355,-0.03760684535700013,0.06009519811633141,0.658
D4-D0,dynotears,504,0.014443396043326395,-0.007694259286983255,0.03736283858808083,0.2072
D0-V0,dynotears,504,0.004878617159129406,-0.013125258676953506,0.023623189388611236,0.6056
D0-CORR,dynotears,504,-0.007820690193859503,-0.032298860090512055,0.017016223671089053,0.5554
D1-CORR,dynotears,504,0.012794635643985697,-0.019274660637923654,0.046005082686945205,0.436
D2s-CORR,dynotears,504,0.016024123697458592,-0.01580931183825215,0.04910156462713029,0.3286
best(D2s)-V1,dynotears,504,0.02769026518354728,-0.002335270415826463,0.06035911106398012,0.0738
D0s-D0,varlingam,189,0.011398984285317992,-0.007241880456590726,0.029348023539900993,0.2128
D1-D0,varlingam,189,-0.03635447051362278,-0.08301706888588344,0.01091189848659811,0.1334
D2-D0,varlingam,189,0.010867878951897614,-0.008411270385014116,0.030582854609350056,0.2582
D2s-D0,varlingam,189,0.01799415420186784,-0.021264605174867272,0.060172884352372925,0.359
D3-D0,varlingam,189,0.02358870184860995,-0.0312500581328511,0.08166034094098669,0.4064
D4-D0,varlingam,189,0.02171899426722268,-0.00462776655630664,0.049046277481979365,0.1044
D0-CORR,varlingam,189,-0.034922048943448414,-0.0660812352178944,-0.0036823235159742732,0.0318
D1-CORR,varlingam,189,-0.0712765194570712,-0.13428368594416779,-0.004955049737824825,0.0358
D2s-CORR,varlingam,189,-0.016927894741580574,-0.07001050555510976,0.0389686144347566,0.5644
D0s-D0,varlingam,252,-0.0015492314448765643,-0.021559539096033583,0.016933017060510897,0.8716
D1-D0,varlingam,252,-0.008581864173348497,-0.02878792430646144,0.0117958293253202,0.408
D2-D0,varlingam,252,-0.0058215886298292885,-0.02397841574642106,0.010608299704505952,0.4892
D2s-D0,varlingam,252,-0.007720805944478992,-0.03327578583585306,0.01599147825822829,0.5192
D3-D0,varlingam,252,-0.0018110706371822771,-0.05276032278029146,0.0492172368972027,0.9386
D4-D0,varlingam,252,0.024108682501797263,-0.002445030928030318,0.051362888309420714,0.0746
D0-V0,varlingam,252,0.022674740476508914,0.004775205081426122,0.04209744998664604,0.0128
D0-CORR,varlingam,252,-0.03327761341725022,-0.06510003816022877,-0.0023276754834094227,0.0322
D1-CORR,varlingam,252,-0.041859477590598715,-0.08434894820682347,-0.0006838588234689924,0.0462
D2s-CORR,varlingam,252,-0.04099841936172921,-0.08087666229477605,-0.001916582817729423,0.0408
best(D4)-V1,varlingam,252,0.01913387012320039,-0.003404970786632827,0.04284959423368685,0.0924
D0s-D0,varlingam,378,0.00048291062942490415,-0.022822534808771496,0.022298130295204163,0.9818
D1-D0,varlingam,378,0.010956807750875819,-0.005956780580783259,0.027389261186055728,0.1952
D2-D0,varlingam,378,-0.001836524495654135,-0.018573916859467347,0.014978669126568115,0.842
D2s-D0,varlingam,378,-0.0005599947850942755,-0.02187352100383736,0.021622411424296495,0.9486
D3-D0,varlingam,378,-0.005307375948841175,-0.06066415414724058,0.04775622238228362,0.8364
D4-D0,varlingam,378,0.019283054461381732,-0.00872292798156763,0.04737026997320162,0.1766
D0-CORR,varlingam,378,-0.008018158130402908,-0.033972836858364545,0.019025740946902733,0.5534
D1-CORR,varlingam,378,0.0029386496204729107,-0.03045440158861926,0.03694103609327753,0.8672
D2s-CORR,varlingam,378,-0.008578152915497184,-0.03983665457682144,0.02468383942252722,0.6118
D0s-D0,varlingam,504,0.012741692810383454,-0.012825546045881028,0.03718769017537498,0.3312
D1-D0,varlingam,504,0.006853483422592788,-0.011754268291300584,0.025241240487089655,0.4714
D2-D0,varlingam,504,0.007857840407672623,-0.016102994533084395,0.028903803306515288,0.4972
D2s-D0,varlingam,504,0.011248174983676085,-0.013262121306138526,0.03385794307285794,0.3592
D3-D0,varlingam,504,0.011254456178830086,-0.04130106016707174,0.06384602252493102,0.6848
D4-D0,varlingam,504,0.02962690240478405,0.006274059929832364,0.053006359309294086,0.0124
D0-V0,varlingam,504,-0.0063522419391862095,-0.025563158875686127,0.01674497329474025,0.553
D0-CORR,varlingam,504,-0.01905154929217512,-0.04670698156965276,0.00924794240660795,0.1912
D1-CORR,varlingam,504,-0.01219806586958233,-0.0492341402531659,0.02490370478191079,0.5318
D2s-CORR,varlingam,504,-0.007803374308499034,-0.04254929554401792,0.026363189889487527,0.6556
best(D4)-V1,varlingam,504,0.03695975962762876,0.011852076685687177,0.06538341306167943,0.0036
GRANGER-DYNO@D1,granger,252,-0.05808299491571961,-0.13530305262415845,0.015368298994061754,0.1266
D0lw-D0,dynotears,189,-0.0023573329511577534,-0.03333178283427439,0.027651611176624166,0.8646
D1-D0lw,dynotears,189,0.017126155060884773,-0.017929629432851184,0.05197104372178732,0.3194
D0df-D0,dynotears,189,0.018697028923978343,-0.034028707701087436,0.07213568792810972,0.4944
D1-D0df,dynotears,189,-0.003928206814251323,-0.04478341988317441,0.03688070936541489,0.8514
D0pc-D0,dynotears,189,-0.020109162570052908,-0.04326995891594516,0.0016222277756942293,0.0728
D1-D0pc,dynotears,189,0.03487798467977993,0.006847681815309514,0.06470389904792315,0.0166
D0pc-CORR,dynotears,189,-0.03911291006643597,-0.06821390791094138,-0.010342971912747108,0.0078
D0lw-D0,dynotears,252,-0.004886781193471301,-0.04294597196954039,0.029620826266100454,0.78
D1-D0lw,dynotears,252,0.01610822606252027,-0.02376204737429417,0.0598022197610648,0.4378
D0df-D0,dynotears,252,0.010297033348115991,-0.038426599610388794,0.058767224736514356,0.689
D1-D0df,dynotears,252,0.0009244115209329773,-0.0368322435545379,0.04061359107711589,0.9568
D0pc-D0,dynotears,252,0.011644142020498016,-0.007422813172009996,0.031777534737900015,0.225
D1-D0pc,dynotears,252,-0.0004226971514490474,-0.0271019834334179,0.02607417443203835,0.9572
D0pc-CORR,dynotears,252,-0.016475388642540556,-0.04384488904674264,0.010824483247342353,0.232
D0lw-D0,dynotears,378,-0.022022721777807952,-0.06238290064618492,0.010032416879221948,0.189
D1-D0lw,dynotears,378,0.03130706767167002,-0.004069028659839965,0.07431818754612624,0.0852
D0df-D0,dynotears,378,0.02049780914245336,-0.028873348643930822,0.07150173709941453,0.4234
D1-D0df,dynotears,378,-0.011213463248591293,-0.04902280117622837,0.025709880569840214,0.5694
D0pc-D0,dynotears,378,-0.004886162407700401,-0.023451109756330635,0.014249920248875747,0.6204
D1-D0pc,dynotears,378,0.014170508301562468,-0.012016878205624786,0.039742145184965647,0.2912
D0pc-CORR,dynotears,378,-0.008125488236575884,-0.032738287345355783,0.0181645022003207,0.5474
D0lw-D0,dynotears,504,-0.01900168528171703,-0.06098270606967368,0.017512006684640022,0.3402
D1-D0lw,dynotears,504,0.03961701111956223,-0.0012644996463142626,0.08525521973199614,0.0616
D0df-D0,dynotears,504,0.027003405134649494,-0.020531830392279793,0.07493615826065084,0.2624
D1-D0df,dynotears,504,-0.006388079296804294,-0.04304946082149619,0.03094129985235022,0.7382
D0pc-D0,dynotears,504,0.006661445780151931,-0.011821017099822147,0.02589388680041814,0.4838
D1-D0pc,dynotears,504,0.013953880057693269,-0.01201336137060293,0.040241528474625574,0.2852
D0pc-CORR,dynotears,504,-0.001159244413707572,-0.02898037087303584,0.027128116545445807,0.943
HERC0-HERCC,herc,189,-0.2577690649274568,-0.5333511579649516,0.017395801927689674,0.0682
HERC1-HERC0,herc,189,0.08826113690246723,-0.016685009018925872,0.2049539114776512,0.1016
HERC0-HERCC,herc,252,-0.1821244034210226,-0.4635985720325733,0.10720610643668785,0.2274
HERC1-HERC0,herc,252,0.05222311204779684,-0.06409423851140705,0.17411054674752752,0.3812
HERC0-HERCC,herc,378,-0.028185038344280045,-0.30672659002043096,0.26998198662640177,0.892
HERC1-HERC0,herc,378,0.009636628670002534,-0.11235608439263138,0.13873126027611088,0.897
HERC0-HERCC,herc,504,-0.07620334442654825,-0.37835979964869226,0.23172254164248204,0.6402
HERC1-HERC0,herc,504,0.04886930174361526,-0.08023374639040451,0.1865255117641103,0.4612
