method,allocator,window,sharpe,cagr,max_drawdown,mean_turnover,nav_net
dynotears,D0,189,0.39183357647480976,0.05225572503303888,-0.5095085878767647,0.12214074154946528,2.492869324901997
dynotears,D0,252,0.3987539875880616,0.05365246910905852,-0.5016707421763311,0.11824709081048805,2.5528807302864527
dynotears,D0,378,0.40418279093281595,0.05482684228053447,-0.5124810217694091,0.11171154726481604,2.6043909575903146
dynotears,D0,504,0.37530680059679916,0.050167225648218405,-0.5237607621335396,0.1071377874742662,2.405616124316394
dynotears,D0df,189,0.4105306053987881,0.058703562363667805,-0.5179990822190603,0.18582246617376283,2.781486395886795
dynotears,D0df,252,0.40905102093617757,0.058445011699648663,-0.5177054888923587,0.17599714014825482,2.7693300912786474
dynotears,D0df,378,0.4246806000752693,0.06134411173068144,-0.5283350058990074,0.15521012988598032,2.908556471977196
dynotears,D0df,504,0.40231020573144866,0.05726380426554467,-0.5350537210522579,0.14251024422340297,2.7144284648368813
dynotears,D0lw,189,0.389476243523652,0.052582124745160774,-0.5157144357605692,0.10615316538316585,2.506772692033225
dynotears,D0lw,252,0.3938672063945903,0.05362230235118526,-0.5076094577569472,0.10189042431735856,2.551570319138604
dynotears,D0lw,378,0.382160069155008,0.051943960866589034,-0.5276576762136216,0.0940761921541951,2.479657389944986
dynotears,D0lw,504,0.35630511531508213,0.04779565431756527,-0.5584293634215955,0.0905550640002165,2.310035064552722
dynotears,D0pc,189,0.37172441390475686,0.049198123791250215,-0.5219992775268266,0.12702442435550698,2.366115983783517
dynotears,D0pc,252,0.4103981296085596,0.0559265109516176,-0.5118910448937688,0.12337459727648323,2.6535128945632813
dynotears,D0pc,378,0.39929662852511555,0.05433871225060294,-0.5153140130770997,0.1178790803057484,2.582862598784916
dynotears,D0pc,504,0.3819682463769511,0.051427379583726784,-0.5290539105132042,0.11315892756601845,2.457911152395068
dynotears,D0s,189,0.389306308023772,0.051730903072246814,-0.511357479847704,0.15232723878418683,2.4706664929411573
dynotears,D0s,252,0.40117019544406424,0.05389150329018322,-0.5113524917458656,0.14513306569625695,2.563286604753567
dynotears,D0s,378,0.411997046188783,0.05593019918663633,-0.5072596411678343,0.13712508532438084,2.6536791094868533
dynotears,D0s,504,0.3944824678584403,0.053342240804427954,-0.514657340776252,0.13357891928830268,2.5394350317780168
dynotears,D1,189,0.4066023985845368,0.055381850314512704,-0.5038237750727457,0.11904731656975043,2.629074705714632
dynotears,D1,252,0.40997543245711054,0.05604075374114159,-0.49995289900956574,0.10978166984131194,2.6586659551006715
dynotears,D1,378,0.413467136826678,0.05700370766548013,-0.5089218574711382,0.09885950301178635,2.7024782292578036
dynotears,D1,504,0.39592212643464436,0.05412880133433906,-0.5162916529453077,0.08905639873826593,2.5736565058048138
dynotears,D2,189,0.3917163301456183,0.05214230091319205,-0.5058423841632437,0.14161608171996445,2.4880549665506573
dynotears,D2,252,0.3986647088616583,0.05340006816270404,-0.49983526415789126,0.13688321197427647,2.5419362633739158
dynotears,D2,378,0.4045592236173528,0.05479610371951993,-0.5172009402797427,0.13018385599575288,2.603030288659392
dynotears,D2,504,0.3815933505479079,0.05114924113807451,-0.5273256854700614,0.12425118401808512,2.446277218314926
dynotears,D2s,189,0.40775331654657493,0.05557162052521769,-0.5076563671527873,0.14926606789721927,2.6375652143104924
dynotears,D2s,252,0.4060863384068325,0.055194794461393304,-0.5062239773923491,0.13997830128108918,2.620730901452907
dynotears,D2s,378,0.4193814327347911,0.057985360038439016,-0.5105197429073836,0.1294414894419001,2.747842373309992
dynotears,D2s,504,0.39915161448811726,0.05452970142111346,-0.5224418317163887,0.11977286021872348,2.5912658463990037
dynotears,D3,189,0.4004580065746549,0.0568429976557876,-0.5552588875682463,0.07338516723766048,2.695119196518353
dynotears,D3,252,0.39745087844097204,0.05612649865323238,-0.5582404950550273,0.06605805964671231,2.6625397899760626
dynotears,D3,378,0.40026494808471147,0.05690810209820896,-0.5523042142441927,0.056945191522699716,2.6980980951632136
dynotears,D3,504,0.3865486353153265,0.054343757661258874,-0.5608281179320115,0.049537449828105824,2.58308425828111
dynotears,D4,189,0.4100540107690652,0.055252775727387515,-0.5098994015995995,0.1496105886662661,2.6233145332000527
dynotears,D4,252,0.39640357527838915,0.05309062365824402,-0.513673313002541,0.14438683842392824,2.5285787573914855
dynotears,D4,378,0.40300090569395247,0.05444084221386225,-0.5058532796389349,0.13689535893189972,2.587352963437067
dynotears,D4,504,0.38975019664012556,0.05244396001057927,-0.5216368441946995,0.13134319983140555,2.5008784947123037
granger,D0,252,0.3862762125368489,0.05149897731165787,-0.5069322338165079,0.11795933592888343,2.460914375637386
granger,D1,252,0.35189243754139093,0.04568268857909619,-0.5030458323079497,0.33661704592292985,2.2279079023195347
granger,D2,252,0.39289176460758446,0.05259155283390937,-0.5069032857294775,0.10857445664811781,2.5071753781315134
granger,D3,252,0.3499230519823927,0.04728862667620937,-0.5458015713410462,0.19961317147521923,2.2900711201539554
varlingam,D0,189,0.3759152750277444,0.04946143245272716,-0.5143017046927741,0.1214457906198477,2.3767872944933957
varlingam,D0,252,0.39359590483384993,0.052739047222667645,-0.508677743459288,0.11546145561188279,2.5134830154818486
varlingam,D0,378,0.3994039586312885,0.054197582751141615,-0.5139842992026378,0.11243462545633212,2.576669643869126
varlingam,D0,504,0.36407594149848355,0.0482254161656237,-0.5292231611014838,0.10715550131300339,2.3270852734837146
varlingam,D0s,189,0.3873142593130624,0.05149993104378403,-0.5028441396643106,0.12226916326297121,2.460954404059508
varlingam,D0s,252,0.39204667338897337,0.052307478116809136,-0.5076854590740179,0.1304980940654406,2.4950689384040934
varlingam,D0s,378,0.39988686926071343,0.05408364465415194,-0.5179163502320241,0.13744086296756855,2.5716801165679803
varlingam,D0s,504,0.376817634308867,0.05031762367179504,-0.5269130338542021,0.1317187322685771,2.4118018084327857
varlingam,D1,189,0.33956080451412163,0.04443023706798277,-0.5355481022239825,0.23593169859518187,2.180537071083519
varlingam,D1,252,0.38501404066050143,0.05189989517241789,-0.5115668068464587,0.12819840442785332,2.477795316756784
varlingam,D1,378,0.41036076638216434,0.05665004306527077,-0.516762060233815,0.10305584505239561,2.686308656992585
varlingam,D1,504,0.37092942492107633,0.049925101224826074,-0.5283729808808866,0.09537400352519765,2.3956893075849273
varlingam,D2,189,0.386783153979642,0.051455367638434835,-0.5005077951401002,0.10889095463367342,2.4590847212280433
varlingam,D2,252,0.38777431620402064,0.05165015545142082,-0.5082797060228615,0.11575846998764709,2.4672670479039054
varlingam,D2,378,0.3975674341356344,0.05382754413491364,-0.5105712295328494,0.10938600086818231,2.5604983533722065
varlingam,D2,504,0.37193378190615617,0.04958668946670142,-0.523268457976096,0.10510993937207799,2.38187961671333
varlingam,D2s,189,0.39390942922961225,0.05355866620049121,-0.5040633448909404,0.1990675718641162,2.548808116725422
varlingam,D2s,252,0.38587509888937094,0.05192684016919169,-0.506755326187741,0.1257817345943945,2.47893376795003
varlingam,D2s,378,0.39884396384619425,0.054634320301486516,-0.515727186956083,0.10233654880850904,2.595879862676383
varlingam,D2s,504,0.37532411648215963,0.05073422545867068,-0.5247289774794852,0.09461396179604908,2.4290146362497187
varlingam,D3,189,0.39950397687635436,0.0565589403908342,-0.5543311989564709,0.10976823773496033,2.6821582570518028
varlingam,D3,252,0.39178483419666765,0.0551106096539824,-0.5574795885170318,0.05830774480937917,2.616983922427954
varlingam,D3,378,0.39409658268244735,0.055830286354921155,-0.5611248591565179,0.0415275540415682,2.6491798850349237
varlingam,D3,504,0.37533039767731363,0.05255313840564102,-0.5705603859265955,0.034665846503332515,2.505535029736449
varlingam,D4,189,0.3976342692949671,0.05305415510983891,-0.503474090009873,0.1475730318037238,2.527008926164336
varlingam,D4,252,0.4177045873356472,0.05644769332751798,-0.5050238709917273,0.14468352219605063,2.677098342381589
varlingam,D4,378,0.41868701309267026,0.057033220204351975,-0.5094293973346433,0.13847060876968567,2.7038316910724407
varlingam,D4,504,0.3937028439032676,0.05301918395967142,-0.5190464961929868,0.13290954566717927,2.525504416584763
phase_i,CORR-HRP,189,0.4108373239711928,0.05494240266734529,-0.49315760634618677,0.1334488292964181,2.609512348645736
phase_i,CORR-HRP,252,0.42687351825110015,0.057727324716349004,-0.4969750400589493,0.12845186407651274,2.7358488757895207
phase_i,CORR-HRP,378,0.40742211676169143,0.05495449581904732,-0.5021449460902254,0.1196663988625509,2.610048840749467
phase_i,CORR-HRP,504,0.38312749079065866,0.05094644915921598,-0.5203870533359706,0.11124047998829763,2.437827661781046
phase_i,V0,252,0.370921164357341,0.048741010340591195,-0.5165206394989338,0.121824041851252,2.347697563076472
phase_i,V0,504,0.37042818343766976,0.049310323799222955,-0.5232530986202404,0.11242970051596049,2.3706576555078205
phase_i,V0prime,252,0.3987539875880616,0.05365246910905852,-0.5016707421763311,0.11824709081048805,2.5528807302864527
phase_i,V0prime,504,0.37530680059679916,0.050167225648218405,-0.5237607621335396,0.1071377874742662,2.405616124316394
phase_i,V1-DYNOTEARS,252,0.381088941288998,0.05060366287893392,-0.511640910840326,0.12096708073432809,2.4236077127912274
phase_i,V1-DYNOTEARS,504,0.37146134930457,0.04944950659424241,-0.5292538013768209,0.11286914635971086,2.3763029852278628
phase_i,V1-VARLiNGAM,252,0.3985707172124468,0.05343981618879701,-0.5131367548141865,0.12939187023465903,2.5436568506389987
phase_i,V1-VARLiNGAM,504,0.35674308427563883,0.04679239417416947,-0.5298765291213092,0.11948508153649336,2.270690060150505
anchor,EW,189,0.36356427711615746,0.053161207513992226,-0.6174826380979108,0.0030057542755575627,2.5316197380596113
anchor,EW,252,0.3637865551379736,0.05321659183955485,-0.6192788976625916,0.0030057542755575622,2.5340082913891484
anchor,EW,378,0.36075801334935814,0.05260622859951258,-0.6203669609710261,0.0029160257373749515,2.507802320964896
anchor,EW,504,0.355399845495069,0.05150597607059071,-0.6241729907143196,0.0028665568484135795,2.4612081299374267
anchor,IVP,189,0.3887410156875086,0.05209467912762156,-0.5083717866809501,0.033880711019605866,2.48603624777102
anchor,IVP,252,0.3883020581832543,0.052142318590073566,-0.5101203094266273,0.02711283114998005,2.488055716172577
anchor,IVP,378,0.39646938761723977,0.05392441234513723,-0.5146848096976501,0.02056230198779337,2.564722367140641
anchor,IVP,504,0.37746140496977715,0.050815438950375214,-0.5253953852483109,0.016199618393346292,2.4323836340963276
herc,HERC0,189,0.19667032350242086,0.019386452167279966,-0.6189161399319552,0.45432276536406146,1.4110424699554525
herc,HERC0,252,0.22751960677558364,0.025911281047070744,-0.6148702327446731,0.42022910309441897,1.5820903476936192
herc,HERC0,378,0.31638226952541626,0.044856182995742566,-0.5978223653119165,0.39337440468350293,2.196539643228084
herc,HERC0,504,0.2877369078379924,0.038588604537571625,-0.6102406540460181,0.3502753534714777,1.9718822028943865
herc,HERC1,189,0.2849314604048881,0.03571579012704751,-0.5580141271725878,0.2774219142246684,1.876326680718536
herc,HERC1,252,0.2797427188233805,0.034740116068640026,-0.5598917782159284,0.2549758736503144,1.8448808241080554
herc,HERC1,378,0.3260188981954188,0.043699611827686224,-0.561071619021142,0.2226441422128211,2.153343919424138
herc,HERC1,504,0.33660620958160764,0.04560201673478015,-0.5607465900474751,0.19561682970805405,2.2248276468753785
herc,HERCC,189,0.4544393884298777,0.06884235589430987,-0.4314694227021202,0.2701662005374327,3.299942327592395
herc,HERCC,252,0.40964401019660623,0.06028459057618396,-0.5001282360156147,0.22513364622055007,2.856924902704792
herc,HERCC,378,0.3445673078696963,0.047416596236943276,-0.4819311640850624,0.18017500677244375,2.2950944267527458
herc,HERCC,504,0.36394025226454063,0.05113114409166819,-0.5023054820191541,0.15304966780175144,2.4455220621667833
